<?xml version="1.0"?>
<?xml-stylesheet type="text/xsl" href="CDA.xsl"?>
<ClinicalDocument xmlns:xsi="http://www.w3.org/2001/XMLSchema-instance" xsi:schemaLocation="urn:hl7-org:v3 ../../../CDA%20R2/cda-schemas-and-samples/infrastructure/cda/CDA.xsd" xmlns="urn:hl7-org:v3" xmlns:cda="urn:hl7-org:v3" xmlns:sdtc="urn:l7-org:sdtc" xmlns:fhir="http://hl7.org/fhir/v3">
 <realmCode code="US"/>
 <typeId root="2.16.840.1.113883.1.3" extension="POCD_HD000040"/>
 <templateId root="2.16.840.1.113883.10.20.22.1.2"/>
 <id extension="Health Export CDA" root="1.1.1.1.1.1.1.1.1"/>
 <code codeSystem="2.16.840.1.113883.6.1" codeSystemName="LOINC" code="34109-9" displayName="Note"/>
 <title>Health Data Export</title>
 <effectiveTime value="20241221170727+0300"/>
 <confidentialityCode code="N" codeSystem="2.16.840.1.113883.5.25"/>
 <recordTarget>
  <patientRole>
   <id root="2.16.840.1.113883.4.6" nullFlavor="NA"/>
   <patient>
    <administrativeGenderCode code="M" codeSystem="2.16.840.1.113883.5.1" displayName="Male"/>
    <birthTime value="20030921"/>
   </patient>
  </patientRole>
 </recordTarget>
 <entry typeCode="DRIV">
  <organizer classCode="CLUSTER" moodCode="EVN">
   <templateId root="2.16.840.1.113883.10.20.22.4.26"/>
   <id root="c6f88320-67ad-11db-bd13-0800200c9a66"/>
   <code code="46680005" codeSystem="2.16.840.1.113883.6.96" codeSystemName="SNOMED CT" displayName="Vital signs"/>
   <statusCode code="completed"/>
   <effectiveTime>
    <low value="20220919220549+0300"/>
    <high value="20240524165720+0300"/>
   </effectiveTime>
   <component>
    <observation classCode="OBS" moodCode="EVN">
     <templateId root="2.16.840.1.113883.10.20.22.4.27"/>
     <id root="c6f88321-67ad-11db-bd13-0800200c9a66"/>
     <code code="8302-2" codeSystem="2.16.840.1.113883.6.1" codeSystemName="LOINC" displayName="Height"/>
     <text>
      <sourceName>Mohamad’s iphone</sourceName>
      <sourceVersion>16.0</sourceVersion>
      <value>180</value>
      <type>HKQuantityTypeIdentifierHeight</type>
      <unit>cm</unit>
     </text>
     <statusCode code="completed"/>
     <effectiveTime>
      <low value="20220919220549+0300"/>
      <high value="20220919220549+0300"/>
     </effectiveTime>
     <value xsi:type="PQ" value="180" unit="cm"/>
     <interpretationCode code="N" codeSystem="2.16.840.1.113883.5.83"/>
    </observation>
   </component>
   <component>
    <observation classCode="OBS" moodCode="EVN">
     <templateId root="2.16.840.1.113883.10.20.22.4.27"/>
     <id root="c6f88321-67ad-11db-bd13-0800200c9a66"/>
     <code code="8302-2" codeSystem="2.16.840.1.113883.6.1" codeSystemName="LOINC" displayName="Height"/>
     <text>
      <sourceName>Health</sourceName>
      <sourceVersion>17.4.1</sourceVersion>
      <value>181</value>
      <type>HKQuantityTypeIdentifierHeight</type>
      <unit>cm</unit>
     </text>
     <statusCode code="completed"/>
     <effectiveTime>
      <low value="20240524165720+0300"/>
      <high value="20240524165720+0300"/>
     </effectiveTime>
     <value xsi:type="PQ" value="181" unit="cm"/>
     <interpretationCode code="N" codeSystem="2.16.840.1.113883.5.83"/>
    </observation>
   </component>
  </organizer>
 </entry>
 <entry typeCode="DRIV">
  <organizer classCode="CLUSTER" moodCode="EVN">
   <templateId root="2.16.840.1.113883.10.20.22.4.26"/>
   <id root="c6f88320-67ad-11db-bd13-0800200c9a66"/>
   <code code="46680005" codeSystem="2.16.840.1.113883.6.96" codeSystemName="SNOMED CT" displayName="Vital signs"/>
   <statusCode code="completed"/>
   <effectiveTime>
    <low value="20220919220549+0300"/>
    <high value="20240524165720+0300"/>
   </effectiveTime>
   <component>
    <observation classCode="OBS" moodCode="EVN">
     <templateId root="2.16.840.1.113883.10.20.22.4.27"/>
     <id root="c6f88321-67ad-11db-bd13-0800200c9a66"/>
     <code code="3141-9" codeSystem="2.16.840.1.113883.6.1" codeSystemName="LOINC" displayName="Body weight Measured"/>
     <text>
      <sourceName>Mohamad’s iphone</sourceName>
      <sourceVersion>16.0</sourceVersion>
      <value>70</value>
      <type>HKQuantityTypeIdentifierBodyMass</type>
      <unit>kg</unit>
     </text>
     <statusCode code="completed"/>
     <effectiveTime>
      <low value="20220919220549+0300"/>
      <high value="20220919220549+0300"/>
     </effectiveTime>
     <value xsi:type="PQ" value="70" unit="kg"/>
     <interpretationCode code="N" codeSystem="2.16.840.1.113883.5.83"/>
    </observation>
   </component>
   <component>
    <observation classCode="OBS" moodCode="EVN">
     <templateId root="2.16.840.1.113883.10.20.22.4.27"/>
     <id root="c6f88321-67ad-11db-bd13-0800200c9a66"/>
     <code code="3141-9" codeSystem="2.16.840.1.113883.6.1" codeSystemName="LOINC" displayName="Body weight Measured"/>
     <text>
      <sourceName>Health</sourceName>
      <sourceVersion>17.4.1</sourceVersion>
      <value>69</value>
      <type>HKQuantityTypeIdentifierBodyMass</type>
      <unit>kg</unit>
     </text>
     <statusCode code="completed"/>
     <effectiveTime>
      <low value="20240524165720+0300"/>
      <high value="20240524165720+0300"/>
     </effectiveTime>
     <value xsi:type="PQ" value="69" unit="kg"/>
     <interpretationCode code="N" codeSystem="2.16.840.1.113883.5.83"/>
    </observation>
   </component>
  </organizer>
 </entry>
</ClinicalDocument>
